Name,Ticker,Market Cap (USD),Logo URL (CoinGecko - Standard),Logo URL (CoinGecko - Large)
pippin,PIPPIN,376416072,https://assets.coingecko.com/coins/images/51589/standard/pippin_logo.png?1731570163,https://assets.coingecko.com/coins/images/51589/large/pippin_logo.png?1731570163
Fartcoin,FARTCOIN,372864158,https://assets.coingecko.com/coins/images/50891/standard/fart.jpg?1729503972,https://assets.coingecko.com/coins/images/50891/large/fart.jpg?1729503972
The White Whale,WHITEWHALE,171321211,https://assets.coingecko.com/coins/images/71239/standard/whitewhale_400x400.jpg?1766580039,https://assets.coingecko.com/coins/images/71239/large/whitewhale_400x400.jpg?1766580039
Alchemist AI,ALCH,110383662,https://assets.coingecko.com/coins/images/52302/standard/small-logo.png?1733053544,https://assets.coingecko.com/coins/images/52302/large/small-logo.png?1733053544
Peanut the Squirrel,PNUT,84009617,https://assets.coingecko.com/coins/images/51301/standard/Peanut_the_Squirrel.png?1734941241,https://assets.coingecko.com/coins/images/51301/large/Peanut_the_Squirrel.png?1734941241
Moo Deng,MOODENG,79666714,https://assets.coingecko.com/coins/images/50264/standard/MOODENG.jpg?1726726975,https://assets.coingecko.com/coins/images/50264/large/MOODENG.jpg?1726726975
Comedian,BAN,76510806,https://assets.coingecko.com/coins/images/51100/standard/ban.jpg?1730085215,https://assets.coingecko.com/coins/images/51100/large/ban.jpg?1730085215
Jelly-My-Jelly,JELLYJELLY,64100606,https://assets.coingecko.com/coins/images/54087/standard/jellyjelly-logo.webp?1738218050,https://assets.coingecko.com/coins/images/54087/large/jellyjelly-logo.webp?1738218050
MarsMi,MARSMI,51498229,https://assets.coingecko.com/coins/images/67592/standard/MarsMi_200x200.png?1753214052,https://assets.coingecko.com/coins/images/67592/large/MarsMi_200x200.png?1753214052
PYTHIA,PYTHIA,48962498,https://assets.coingecko.com/coins/images/53301/standard/PYTHIA-Coingecko.png?1736062694,https://assets.coingecko.com/coins/images/53301/large/PYTHIA-Coingecko.png?1736062694
AI Rig Complex,ARC,44077200,https://assets.coingecko.com/coins/images/52701/standard/u312bPNA_400x400.jpg?1734044765,https://assets.coingecko.com/coins/images/52701/large/u312bPNA_400x400.jpg?1734044765
Amiko,AMIKO,41218771,https://assets.coingecko.com/coins/images/56036/standard/AMIKO_SQ_V1_1X.png?1748079151,https://assets.coingecko.com/coins/images/56036/large/AMIKO_SQ_V1_1X.png?1748079151
Goatseus Maximus,GOAT,38818916,https://assets.coingecko.com/coins/images/50717/standard/GOAT_LOGO_NEW.jpg?1731292759,https://assets.coingecko.com/coins/images/50717/large/GOAT_LOGO_NEW.jpg?1731292759
GeorgePlaysClashRoyale,CLASH,36342510,https://assets.coingecko.com/coins/images/69554/standard/682794wqoqtox6imt9rvnkfoci27.?1758961550,https://assets.coingecko.com/coins/images/69554/large/682794wqoqtox6imt9rvnkfoci27.?1758961550
AIntivirus,AINTI,33726458,https://assets.coingecko.com/coins/images/52368/standard/ainti_tokenimg.png?1733242983,https://assets.coingecko.com/coins/images/52368/large/ainti_tokenimg.png?1733242983
Vine,VINE,30060027,https://assets.coingecko.com/coins/images/53859/standard/vine.jpg?1737613523,https://assets.coingecko.com/coins/images/53859/large/vine.jpg?1737613523
Zerebro,ZEREBRO,29976621,https://assets.coingecko.com/coins/images/51289/standard/zerebro_2.png?1730588883,https://assets.coingecko.com/coins/images/51289/large/zerebro_2.png?1730588883
TROLL,TROLL,29078892,https://assets.coingecko.com/coins/images/55282/standard/trolllogo.png?1745215015,https://assets.coingecko.com/coins/images/55282/large/trolllogo.png?1745215015
aura,AURA,27847803,https://assets.coingecko.com/coins/images/38376/standard/aura_logo_200x200-01-01.png?1751114135,https://assets.coingecko.com/coins/images/38376/large/aura_logo_200x200-01-01.png?1751114135
Wojak,WOJAK,26483986,https://assets.coingecko.com/coins/images/70552/standard/o6zl61yh9k32fu3rimuoe4sxlfeq.?1762469550,https://assets.coingecko.com/coins/images/70552/large/o6zl61yh9k32fu3rimuoe4sxlfeq.?1762469550
Act I The AI Prophecy,ACT,23727207,https://assets.coingecko.com/coins/images/50984/standard/ai_prophecy.jpg?1729653897,https://assets.coingecko.com/coins/images/50984/large/ai_prophecy.jpg?1729653897
Just a chill guy,CHILLGUY,23115028,https://assets.coingecko.com/coins/images/51746/standard/Scherm%C2%ADafbeelding_2024-11-15_om_20.57.58.png?1731926037,https://assets.coingecko.com/coins/images/51746/large/Scherm%C2%ADafbeelding_2024-11-15_om_20.57.58.png?1731926037
GRIFFAIN,GRIFFAIN,19904596,https://assets.coingecko.com/coins/images/52547/standard/aAp7HijF4Uf1SkZO3FsVMyrbBc5kux_0vIlI7Amxiu7ygza2T_Swtp8bA2KoL_yU0YWw7c52LG9wflD7b5KMZ6GNJgDtgQfmMKy75SBQ5ldIHl6qffC9SNWqKyvqKQJ5sWZgJnXztPPsuJD_IVTTdPlabPlxxuNq7OAxQcjCbRxnge3tim3QyyIrc5vTOzWR93BoZVf0pd7EzwziVlhzov.jpg?1733590142,https://assets.coingecko.com/coins/images/52547/large/aAp7HijF4Uf1SkZO3FsVMyrbBc5kux_0vIlI7Amxiu7ygza2T_Swtp8bA2KoL_yU0YWw7c52LG9wflD7b5KMZ6GNJgDtgQfmMKy75SBQ5ldIHl6qffC9SNWqKyvqKQJ5sWZgJnXztPPsuJD_IVTTdPlabPlxxuNq7OAxQcjCbRxnge3tim3QyyIrc5vTOzWR93BoZVf0pd7EzwziVlhzov.jpg?1733590142
The Official 67 Coin,67,19476893,https://assets.coingecko.com/coins/images/69386/standard/dextools-67-pfp.png?1766482275,https://assets.coingecko.com/coins/images/69386/large/dextools-67-pfp.png?1766482275
Bullish Degen,BULLISH,19220288,https://assets.coingecko.com/coins/images/69741/standard/Pump1_profpic.png?1759478020,https://assets.coingecko.com/coins/images/69741/large/Pump1_profpic.png?1759478020
Bertram The Pomeranian,BERT,17139828,https://assets.coingecko.com/coins/images/51480/standard/photo_2025-04-22_23.04.39.png?1745405423,https://assets.coingecko.com/coins/images/51480/large/photo_2025-04-22_23.04.39.png?1745405423
Fwog,FWOG,14470828,https://assets.coingecko.com/coins/images/39453/standard/fwog.png?1722318442,https://assets.coingecko.com/coins/images/39453/large/fwog.png?1722318442
Unicorn Fart Dust,UFD,14365939,https://assets.coingecko.com/coins/images/52931/standard/UFD_PFP_-_Token_Image.png?1765987758,https://assets.coingecko.com/coins/images/52931/large/UFD_PFP_-_Token_Image.png?1765987758
Swarms,SWARMS,14252965,https://assets.coingecko.com/coins/images/52988/standard/swarms.jpg?1734921510,https://assets.coingecko.com/coins/images/52988/large/swarms.jpg?1734921510
WOLF,WOLF,14219652,https://assets.coingecko.com/coins/images/66822/standard/1000809121.png?1755428524,https://assets.coingecko.com/coins/images/66822/large/1000809121.png?1755428524
Mansory Token,MNSRY,13216142,https://assets.coingecko.com/coins/images/54875/standard/token.png?1742245333,https://assets.coingecko.com/coins/images/54875/large/token.png?1742245333
"Not in Employment, Education, or Training",NEET,12173107,https://assets.coingecko.com/coins/images/55411/standard/neet.jpg?1745850587,https://assets.coingecko.com/coins/images/55411/large/neet.jpg?1745850587
AISM FAITH TOKEN,AISM,11884881,https://assets.coingecko.com/coins/images/66597/standard/IMG_1848.jpeg?1749885605,https://assets.coingecko.com/coins/images/66597/large/IMG_1848.jpeg?1749885605
ANDY70B,ANDY70B,11555329,https://assets.coingecko.com/coins/images/52959/standard/ANDY70B.jpg?1734798629,https://assets.coingecko.com/coins/images/52959/large/ANDY70B.jpg?1734798629
CAT Terminal,CAT,11496208,https://assets.coingecko.com/coins/images/55898/standard/mmexport1747474633598.jpg?1747640807,https://assets.coingecko.com/coins/images/55898/large/mmexport1747474633598.jpg?1747640807
åº„,BUNDLE,10815827,https://assets.coingecko.com/coins/images/67860/standard/vbh9rscccsf9qx6q9qclg1rtauln.?1754076921,https://assets.coingecko.com/coins/images/67860/large/vbh9rscccsf9qx6q9qclg1rtauln.?1754076921
AGENDA 47,A47,10737277,https://assets.coingecko.com/coins/images/54093/standard/A47-Ai-3072-x-3072.jpg?1764317272,https://assets.coingecko.com/coins/images/54093/large/A47-Ai-3072-x-3072.jpg?1764317272
Ava AI,AVA,10269677,https://assets.coingecko.com/coins/images/51935/standard/7VZQ0qhB_400x400_%282%29.jpg?1732206907,https://assets.coingecko.com/coins/images/51935/large/7VZQ0qhB_400x400_%282%29.jpg?1732206907
Private Aviation Finance Token,CINO,9874658,https://assets.coingecko.com/coins/images/68106/standard/cino_5.png?1754803433,https://assets.coingecko.com/coins/images/68106/large/cino_5.png?1754803433
Fartboy,$FARTBOY,9830563,https://assets.coingecko.com/coins/images/53829/standard/91IYNhRrJBL._UF1000_1000_QL80_.jpg?1737555683,https://assets.coingecko.com/coins/images/53829/large/91IYNhRrJBL._UF1000_1000_QL80_.jpg?1737555683
GIVEBACK,GBACK,9485297,https://assets.coingecko.com/coins/images/70326/standard/E1BA6A55-7903-4659-BC96-09D4ABF0B851.PNG?1761571171,https://assets.coingecko.com/coins/images/70326/large/E1BA6A55-7903-4659-BC96-09D4ABF0B851.PNG?1761571171
JOBCOIN,JOBCOIN,8187902,https://assets.coingecko.com/coins/images/55399/standard/HjxdVuqu_400x400_%281%29.jpg?1745825800,https://assets.coingecko.com/coins/images/55399/large/HjxdVuqu_400x400_%281%29.jpg?1745825800
rainbowfish,FISH,8108813,https://assets.coingecko.com/coins/images/71340/standard/qyinpckmabs18uo87giafmxcjkpa.?1767396239,https://assets.coingecko.com/coins/images/71340/large/qyinpckmabs18uo87giafmxcjkpa.?1767396239
Opus,OPUS,7763929,https://assets.coingecko.com/coins/images/51585/standard/R7liziZJ_400x400.jpg?1731568879,https://assets.coingecko.com/coins/images/51585/large/R7liziZJ_400x400.jpg?1731568879
Verse World,VERSE,7694743,https://assets.coingecko.com/coins/images/66483/standard/image00001.jpeg?1749502715,https://assets.coingecko.com/coins/images/66483/large/image00001.jpeg?1749502715
401jK,401JK,6802264,https://assets.coingecko.com/coins/images/68871/standard/photo_2025-08-28_15-16-54.jpg?1756844684,https://assets.coingecko.com/coins/images/68871/large/photo_2025-08-28_15-16-54.jpg?1756844684
Daddy Tate,DADDY,6730554,https://assets.coingecko.com/coins/images/38684/standard/DADDY_TATE.png?1718336003,https://assets.coingecko.com/coins/images/38684/large/DADDY_TATE.png?1718336003
DOWGE,DJI6930,6246539,https://assets.coingecko.com/coins/images/67020/standard/d51pmf1y22q8zm2wn4e9419gohhe.?1751485800,https://assets.coingecko.com/coins/images/67020/large/d51pmf1y22q8zm2wn4e9419gohhe.?1751485800
Codec Flow,CODEC,6196673,https://assets.coingecko.com/coins/images/56011/standard/Mono_circle_black.png?1751697256,https://assets.coingecko.com/coins/images/56011/large/Mono_circle_black.png?1751697256
Chill House,CHILLHOUSE,5870551,https://assets.coingecko.com/coins/images/55535/standard/1irHeiVg_400x400.jpg?1746563474,https://assets.coingecko.com/coins/images/55535/large/1irHeiVg_400x400.jpg?1746563474
QuStream,QST,5689676,https://assets.coingecko.com/coins/images/54695/standard/qstlogocoin.png?1741096558,https://assets.coingecko.com/coins/images/54695/large/qstlogocoin.png?1741096558
The Black Whale,BLACKWHALE,5401988,https://assets.coingecko.com/coins/images/71264/standard/IMG_2676.jpeg?1766791937,https://assets.coingecko.com/coins/images/71264/large/IMG_2676.jpeg?1766791937
Moby AI,MOBY,5131958,https://assets.coingecko.com/coins/images/53613/standard/PFP_V3.png?1736888476,https://assets.coingecko.com/coins/images/53613/large/PFP_V3.png?1736888476
Collaterize,COLLAT,4529090,https://assets.coingecko.com/coins/images/54178/standard/collaterize-logo.png?1761788970,https://assets.coingecko.com/coins/images/54178/large/collaterize-logo.png?1761788970
Unstable Coin,USDUC,4505340,https://assets.coingecko.com/coins/images/56006/standard/usduc-logo.jpg?1748000956,https://assets.coingecko.com/coins/images/56006/large/usduc-logo.jpg?1748000956
Dexter AI,DEXTER,4249719,https://assets.coingecko.com/coins/images/70313/standard/logo1.png?1761530544,https://assets.coingecko.com/coins/images/70313/large/logo1.png?1761530544
PUMPCADE,PUMPCADE,4219759,https://assets.coingecko.com/coins/images/70626/standard/pumpcade_logo.png?1762849104,https://assets.coingecko.com/coins/images/70626/large/pumpcade_logo.png?1762849104
Sigma,SIGMA,3782894,https://assets.coingecko.com/coins/images/39408/standard/sigma_logo.jpg?1722053407,https://assets.coingecko.com/coins/images/39408/large/sigma_logo.jpg?1722053407
Illusion of Life,SPARK,3621664,https://assets.coingecko.com/coins/images/68135/standard/6ov8mwzoscbnxh8uce0oiqg8r7wz.?1754906025,https://assets.coingecko.com/coins/images/68135/large/6ov8mwzoscbnxh8uce0oiqg8r7wz.?1754906025
Gorbagana,GOR,3613898,https://assets.coingecko.com/coins/images/66756/standard/gor.jpg?1750505363,https://assets.coingecko.com/coins/images/66756/large/gor.jpg?1750505363
snowball,SNOWBALL,3592380,https://assets.coingecko.com/coins/images/71185/standard/oxkdskcvb83l2uwjq9wx3zn8scua.?1766221546,https://assets.coingecko.com/coins/images/71185/large/oxkdskcvb83l2uwjq9wx3zn8scua.?1766221546
Central African Republic Meme,CAR,3559433,https://assets.coingecko.com/coins/images/54297/standard/car.jpg?1739153066,https://assets.coingecko.com/coins/images/54297/large/car.jpg?1739153066
SachiCoin,SACHI,3402367,https://assets.coingecko.com/coins/images/69983/standard/uvpdfjkfxrxbhhhq3pwqadwqkjn4.?1760269793,https://assets.coingecko.com/coins/images/69983/large/uvpdfjkfxrxbhhhq3pwqadwqkjn4.?1760269793
catwifmask,MASK,3338055,https://assets.coingecko.com/coins/images/66179/standard/catwifmask-logo.jpg?1748590391,https://assets.coingecko.com/coins/images/66179/large/catwifmask-logo.jpg?1748590391
ALLINDOGE,ALLINDOGE,3255071,https://assets.coingecko.com/coins/images/67332/standard/20250623-194209.png?1758952588,https://assets.coingecko.com/coins/images/67332/large/20250623-194209.png?1758952588
LC SHIB,LC,3241525,https://assets.coingecko.com/coins/images/54024/standard/LC_Token.png?1738024488,https://assets.coingecko.com/coins/images/54024/large/LC_Token.png?1738024488
Real World AI,RWA,3220234,https://assets.coingecko.com/coins/images/52602/standard/EAL7e0vM_400x400.jpg?1733745433,https://assets.coingecko.com/coins/images/52602/large/EAL7e0vM_400x400.jpg?1733745433
V2EX,V2EX,3018336,https://assets.coingecko.com/coins/images/68228/standard/v2ex.png?1755138110,https://assets.coingecko.com/coins/images/68228/large/v2ex.png?1755138110
Official PPshow,PP,2953662,https://assets.coingecko.com/coins/images/68639/standard/ppshow.png?1756153051,https://assets.coingecko.com/coins/images/68639/large/ppshow.png?1756153051
Soul Graph,GRPH,2951709,https://assets.coingecko.com/coins/images/53357/standard/Logo_200x200.png?1737722576,https://assets.coingecko.com/coins/images/53357/large/Logo_200x200.png?1737722576
METAVERSE,METAV,2914333,https://assets.coingecko.com/coins/images/53165/standard/lyHiC0X5_400x400.jpg?1735488437,https://assets.coingecko.com/coins/images/53165/large/lyHiC0X5_400x400.jpg?1735488437
Polyfactual,POLYFACTS,2803916,https://assets.coingecko.com/coins/images/68903/standard/gwpvfnw9uxvc8ojohahvy2gp1jzy.?1756921813,https://assets.coingecko.com/coins/images/68903/large/gwpvfnw9uxvc8ojohahvy2gp1jzy.?1756921813
Alon,ALON,2800968,https://assets.coingecko.com/coins/images/53922/standard/alon-logo.jpg?1737721293,https://assets.coingecko.com/coins/images/53922/large/alon-logo.jpg?1737721293
LYNK,LYNK,2799079,https://assets.coingecko.com/coins/images/54169/standard/LYNK_CG.png?1763669792,https://assets.coingecko.com/coins/images/54169/large/LYNK_CG.png?1763669792
The Spirit of Gambling,TOKABU,2731720,https://assets.coingecko.com/coins/images/66772/standard/tokaby_logo.png?1752656543,https://assets.coingecko.com/coins/images/66772/large/tokaby_logo.png?1752656543
The Last Play,RETIRE,2612170,https://assets.coingecko.com/coins/images/51422/standard/mgfmhg-01-01.png?1731184322,https://assets.coingecko.com/coins/images/51422/large/mgfmhg-01-01.png?1731184322
Brainlet,BRAINLET,2565599,https://assets.coingecko.com/coins/images/39419/standard/Brainlet.png?1722223012,https://assets.coingecko.com/coins/images/39419/large/Brainlet.png?1722223012
Greyhound,GH,2519241,https://assets.coingecko.com/coins/images/70584/standard/IMG_1342.jpeg?1762686801,https://assets.coingecko.com/coins/images/70584/large/IMG_1342.jpeg?1762686801
Zauthx402,ZAUTH,2512047,https://assets.coingecko.com/coins/images/71051/standard/ZAUTH_LOGO.png?1765445510,https://assets.coingecko.com/coins/images/71051/large/ZAUTH_LOGO.png?1765445510
mini,MINI,2464655,https://assets.coingecko.com/coins/images/37777/standard/image_%284%29.png?1715581636,https://assets.coingecko.com/coins/images/37777/large/image_%284%29.png?1715581636
AGI ALPHA AGENT,AGIALPHA,2404955,https://assets.coingecko.com/coins/images/54109/standard/IMG_9829.jpeg?1756843203,https://assets.coingecko.com/coins/images/54109/large/IMG_9829.jpeg?1756843203
michi,$MICHI,2404513,https://assets.coingecko.com/coins/images/37309/standard/5mbK36SZ7J19An8jFochhQS4of8g6BwUjbeCSxBSoWdp.jpeg?1713952829,https://assets.coingecko.com/coins/images/37309/large/5mbK36SZ7J19An8jFochhQS4of8g6BwUjbeCSxBSoWdp.jpeg?1713952829
Shoggoth,SHOGGOTH,2395237,https://assets.coingecko.com/coins/images/50982/standard/shoggoth.jpg?1729652318,https://assets.coingecko.com/coins/images/50982/large/shoggoth.jpg?1729652318
Youâ€™ll Own Nothing and Be Happy,NOTHING,2387340,https://assets.coingecko.com/coins/images/70929/standard/nothing.png?1764625652,https://assets.coingecko.com/coins/images/70929/large/nothing.png?1764625652
Chronoeffector,CHRONOEFFE,2376946,https://assets.coingecko.com/coins/images/53228/standard/CG_LOGO.png?1736089538,https://assets.coingecko.com/coins/images/53228/large/CG_LOGO.png?1736089538
LMAO!,LMAO!,2364818,https://assets.coingecko.com/coins/images/70172/standard/9axgyq5gybp6zfeqqhcmozdq0kcq.?1760869106,https://assets.coingecko.com/coins/images/70172/large/9axgyq5gybp6zfeqqhcmozdq0kcq.?1760869106
Groyper,GROYPER,2325413,https://assets.coingecko.com/coins/images/69457/standard/_GROYOPER_%28200_x_200_px%29.png?1758645781,https://assets.coingecko.com/coins/images/69457/large/_GROYOPER_%28200_x_200_px%29.png?1758645781
The Bitcoin Mascot,BITTY,2312958,https://assets.coingecko.com/coins/images/67374/standard/np81u05cpqneklx7z6e6irmj8mj8.?1752587894,https://assets.coingecko.com/coins/images/67374/large/np81u05cpqneklx7z6e6irmj8mj8.?1752587894
Homebrew Robotics Club,BREW,2312935,https://assets.coingecko.com/coins/images/54557/standard/logo_for_twitter.png?1740312887,https://assets.coingecko.com/coins/images/54557/large/logo_for_twitter.png?1740312887
Mother Iggy,MOTHER,2303385,https://assets.coingecko.com/coins/images/38269/standard/mother.png?1716954537,https://assets.coingecko.com/coins/images/38269/large/mother.png?1716954537
James Wynn Real,WYNN,2297722,https://assets.coingecko.com/coins/images/71308/standard/Screenshot_2025-12-19_at_19.59.12.JPG?1767102478,https://assets.coingecko.com/coins/images/71308/large/Screenshot_2025-12-19_at_19.59.12.JPG?1767102478
PETRO PENGUINS,PENGO,2272392,https://assets.coingecko.com/coins/images/70258/standard/IMG_2965.jpeg?1761299477,https://assets.coingecko.com/coins/images/70258/large/IMG_2965.jpeg?1761299477
PVS,PVS,2251136,https://assets.coingecko.com/coins/images/54898/standard/pvs.jpg?1742442693,https://assets.coingecko.com/coins/images/54898/large/pvs.jpg?1742442693
WHISKEY,WHISKEY,2235852,https://assets.coingecko.com/coins/images/38772/standard/Image-1.JPEG?1767437029,https://assets.coingecko.com/coins/images/38772/large/Image-1.JPEG?1767437029
BeB,BEB1M,2214226,https://assets.coingecko.com/coins/images/71311/standard/beb1m-logo.png?1767135892,https://assets.coingecko.com/coins/images/71311/large/beb1m-logo.png?1767135892
just buy $1 worth of this coin,$1,2205098,https://assets.coingecko.com/coins/images/52145/standard/1_Logo_200x200.jpg?1732652309,https://assets.coingecko.com/coins/images/52145/large/1_Logo_200x200.jpg?1732652309
vankedisi,VANKEDISI,2133157,https://assets.coingecko.com/coins/images/54957/standard/vankedisi-logo.jpg?1742837892,https://assets.coingecko.com/coins/images/54957/large/vankedisi-logo.jpg?1742837892
Cryptocurrency Coin,CRYPTO,2128423,https://assets.coingecko.com/coins/images/55850/standard/cc_200x200_bg.png?1747410965,https://assets.coingecko.com/coins/images/55850/large/cc_200x200_bg.png?1747410965
Housecoin,HOUSE,1953832,https://assets.coingecko.com/coins/images/55056/standard/house.jpg?1743469684,https://assets.coingecko.com/coins/images/55056/large/house.jpg?1743469684
TASS HUB,TASSHUB,1938778,https://assets.coingecko.com/coins/images/55559/standard/TASSHUB_T_LOGO__3D_BEZEL__CAMERA_LENSE%28SOCIALS%29.png?1765012408,https://assets.coingecko.com/coins/images/55559/large/TASSHUB_T_LOGO__3D_BEZEL__CAMERA_LENSE%28SOCIALS%29.png?1765012408
San Chan,SAN,1904802,https://assets.coingecko.com/coins/images/53425/standard/jIWmiTYe_400x400.jpg?1736356098,https://assets.coingecko.com/coins/images/53425/large/jIWmiTYe_400x400.jpg?1736356098
Pwease,PWEASE,1856857,https://assets.coingecko.com/coins/images/54690/standard/pwease.png?1741595213,https://assets.coingecko.com/coins/images/54690/large/pwease.png?1741595213
hehe,HEHE,1838341,https://assets.coingecko.com/coins/images/39164/standard/LOGO.png?1720778696,https://assets.coingecko.com/coins/images/39164/large/LOGO.png?1720778696
Rifts Finance,RIFTS,1810974,https://assets.coingecko.com/coins/images/70759/standard/PFP4_%281%29_%281%29.png?1763557718,https://assets.coingecko.com/coins/images/70759/large/PFP4_%281%29_%281%29.png?1763557718
LOULOU,LOULOU,1803690,https://assets.coingecko.com/coins/images/50454/standard/IMG_20241001_093313_137.jpg?1727777610,https://assets.coingecko.com/coins/images/50454/large/IMG_20241001_093313_137.jpg?1727777610
LinkHash,LHX,1768805,https://assets.coingecko.com/coins/images/71096/standard/IMG_2528.jpeg?1765783532,https://assets.coingecko.com/coins/images/71096/large/IMG_2528.jpeg?1765783532
Xavier: Renegade Angel,XAVIER,1768762,https://assets.coingecko.com/coins/images/55906/standard/IMG_2083.jpeg?1747647722,https://assets.coingecko.com/coins/images/55906/large/IMG_2083.jpeg?1747647722
nuit,NUIT,1765324,https://assets.coingecko.com/coins/images/53973/standard/nuit-logo.webp?1737805635,https://assets.coingecko.com/coins/images/53973/large/nuit-logo.webp?1737805635
Elon4AfD,ELON4AFD,1743843,https://assets.coingecko.com/coins/images/53992/standard/ElonNewLogo200.jpeg?1737884581,https://assets.coingecko.com/coins/images/53992/large/ElonNewLogo200.jpeg?1737884581
NullTrace,,1726857,https://assets.coingecko.com/coins/images/66160/standard/nulltrace_logo.png?1748498959,https://assets.coingecko.com/coins/images/66160/large/nulltrace_logo.png?1748498959
Trencher,TRENCHER,1633990,https://assets.coingecko.com/coins/images/55353/standard/trencher-logo.png?1745570962,https://assets.coingecko.com/coins/images/55353/large/trencher-logo.png?1745570962
Waffles,WAFFLES,1624109,https://assets.coingecko.com/coins/images/37349/standard/result.jpeg?1714074413,https://assets.coingecko.com/coins/images/37349/large/result.jpeg?1714074413
Cyberdoge,CDOGE,1586382,https://assets.coingecko.com/coins/images/51479/standard/CYBERDOGE_%28200_x_200_px%29_20240828_185017_0000.png?1731404439,https://assets.coingecko.com/coins/images/51479/large/CYBERDOGE_%28200_x_200_px%29_20240828_185017_0000.png?1731404439
Stool Prisondente,JAILSTOOL,1564923,https://assets.coingecko.com/coins/images/54296/standard/jailstool-logo.webp?1739093360,https://assets.coingecko.com/coins/images/54296/large/jailstool-logo.webp?1739093360
ChAtoshI,CHATOSHI,1537680,https://assets.coingecko.com/coins/images/53628/standard/CHTSHI-LOG-1.png?1736925634,https://assets.coingecko.com/coins/images/53628/large/CHTSHI-LOG-1.png?1736925634
titcoin,TITCOIN,1503408,https://assets.coingecko.com/coins/images/54773/standard/titcoinicon.png?1741514331,https://assets.coingecko.com/coins/images/54773/large/titcoinicon.png?1741514331
ROY,ROY,1492530,https://assets.coingecko.com/coins/images/69419/standard/153F2B09-F46F-4BBD-ADA0-E40CA5DC476E.jpeg?1758546240,https://assets.coingecko.com/coins/images/69419/large/153F2B09-F46F-4BBD-ADA0-E40CA5DC476E.jpeg?1758546240
Autonomous Virtual Beings,AVB,1462933,https://assets.coingecko.com/coins/images/51295/standard/logo_hd.webp?1730599885,https://assets.coingecko.com/coins/images/51295/large/logo_hd.webp?1730599885
Never Give Up,MINER,1440674,https://assets.coingecko.com/coins/images/70981/standard/s7kpcplpo9ye9sg4zhl1o4dupdjd.?1764984795,https://assets.coingecko.com/coins/images/70981/large/s7kpcplpo9ye9sg4zhl1o4dupdjd.?1764984795
yesnoerror,YNE,1416195,https://assets.coingecko.com/coins/images/52985/standard/JDNsIn4O_400x400_%281%29.jpg?1757832128,https://assets.coingecko.com/coins/images/52985/large/JDNsIn4O_400x400_%281%29.jpg?1757832128
StupidCoin,STUPID,1399406,https://assets.coingecko.com/coins/images/54003/standard/logo_4k_00007.png?1738317633,https://assets.coingecko.com/coins/images/54003/large/logo_4k_00007.png?1738317633
FAFO,FAFO,1369491,https://assets.coingecko.com/coins/images/54065/standard/fafo.png?1767852911,https://assets.coingecko.com/coins/images/54065/large/fafo.png?1767852911
Pumpfun Pepe,PFP,1362105,https://assets.coingecko.com/coins/images/69775/standard/8uwkyzqcas6zkxd9crm9fmzrudh6.?1759561896,https://assets.coingecko.com/coins/images/69775/large/8uwkyzqcas6zkxd9crm9fmzrudh6.?1759561896
Pizza,PIZZA,1352060,https://assets.coingecko.com/coins/images/54370/standard/photo_2025-02-18_09-36-11.jpg?1764568669,https://assets.coingecko.com/coins/images/54370/large/photo_2025-02-18_09-36-11.jpg?1764568669
Dark Eclipse,DARK,1320091,https://assets.coingecko.com/coins/images/55208/standard/dark.png?1744854838,https://assets.coingecko.com/coins/images/55208/large/dark.png?1744854838
All Will Retire,AWR,1296989,https://assets.coingecko.com/coins/images/53508/standard/AWR_Lifestyle_Logo_Black.png?1736537814,https://assets.coingecko.com/coins/images/53508/large/AWR_Lifestyle_Logo_Black.png?1736537814
Bagwork,BAGWORK,1286148,https://assets.coingecko.com/coins/images/69171/standard/nz7fu1izkuclnhur1f5nf3xlffrp.?1757709564,https://assets.coingecko.com/coins/images/69171/large/nz7fu1izkuclnhur1f5nf3xlffrp.?1757709564
SwarmNode.ai,SNAI,1187155,https://assets.coingecko.com/coins/images/71338/standard/S_%28200_x_200_px%29.png?1767376758,https://assets.coingecko.com/coins/images/71338/large/S_%28200_x_200_px%29.png?1767376758
Hive AI,BUZZ,1179699,https://assets.coingecko.com/coins/images/53442/standard/fDd5tYZe_400x400.jpg?1736377018,https://assets.coingecko.com/coins/images/53442/large/fDd5tYZe_400x400.jpg?1736377018
Retard Finder Coin,RFC,1161312,https://assets.coingecko.com/coins/images/55010/standard/refind.jpg?1743160500,https://assets.coingecko.com/coins/images/55010/large/refind.jpg?1743160500
TEH EPIK DUCK,EPIK,1148948,https://assets.coingecko.com/coins/images/36823/standard/EpikDuck-PFP.JPG?1736975507,https://assets.coingecko.com/coins/images/36823/large/EpikDuck-PFP.JPG?1736975507
""" "" ""","""",1112160,https://assets.coingecko.com/coins/images/52360/standard/blank.png?1733193825,https://assets.coingecko.com/coins/images/52360/large/blank.png?1733193825
DEV TOMMY JINGL,TOMMYJINGL,1099279,https://assets.coingecko.com/coins/images/71195/standard/TOMMY_JINGL__tommyjingl.jpg?1766300214,https://assets.coingecko.com/coins/images/71195/large/TOMMY_JINGL__tommyjingl.jpg?1766300214
Shark Cat,SC,1096655,https://assets.coingecko.com/coins/images/36562/standard/shark.jpeg?1715148291,https://assets.coingecko.com/coins/images/36562/large/shark.jpeg?1715148291
Fish N Chips,CHIPPY,1088348,https://assets.coingecko.com/coins/images/37917/standard/fisg.jpeg?1715936192,https://assets.coingecko.com/coins/images/37917/large/fisg.jpeg?1715936192
Ace Data Cloud,ACE,1085872,https://assets.coingecko.com/coins/images/71254/standard/48rk1xlamhcd8lyexp1kzky2gr8o.?1766691042,https://assets.coingecko.com/coins/images/71254/large/48rk1xlamhcd8lyexp1kzky2gr8o.?1766691042
ELLA,ELLA,1078878,https://assets.coingecko.com/coins/images/67368/standard/1000012304.jpg?1757986338,https://assets.coingecko.com/coins/images/67368/large/1000012304.jpg?1757986338
Chudjak,CHUD,1074278,https://assets.coingecko.com/coins/images/37739/standard/Untitled_%28200_x_200_px%29_%281%29.png?1746421708,https://assets.coingecko.com/coins/images/37739/large/Untitled_%28200_x_200_px%29_%281%29.png?1746421708
Pepe Bundle,PUNDLE,1060124,https://assets.coingecko.com/coins/images/66742/standard/photo_2025-06-01_02.18.00.png?1750358482,https://assets.coingecko.com/coins/images/66742/large/photo_2025-06-01_02.18.00.png?1750358482
Billy,BILLY,1049446,https://assets.coingecko.com/coins/images/38745/standard/BILLY.jpg?1718680214,https://assets.coingecko.com/coins/images/38745/large/BILLY.jpg?1718680214
XBT,XBT,1038822,https://assets.coingecko.com/coins/images/55831/standard/xbt-logo.jpg?1747392856,https://assets.coingecko.com/coins/images/55831/large/xbt-logo.jpg?1747392856
Smoking Chicken Fish,SCF,1037898,https://assets.coingecko.com/coins/images/39351/standard/SCF_meme.png?1727101840,https://assets.coingecko.com/coins/images/39351/large/SCF_meme.png?1727101840
Skill Stacker,STKR,1032297,https://assets.coingecko.com/coins/images/71143/standard/skill-stacker-3-15-logo.jpg?1765982946,https://assets.coingecko.com/coins/images/71143/large/skill-stacker-3-15-logo.jpg?1765982946
Johnny Suede,SUEDE,1031948,https://assets.coingecko.com/coins/images/54437/standard/suede_labs_logo.png?1765381096,https://assets.coingecko.com/coins/images/54437/large/suede_labs_logo.png?1765381096
Degen,DGN,1019431,https://assets.coingecko.com/coins/images/68000/standard/dgn-logo-200x200.png?1754549112,https://assets.coingecko.com/coins/images/68000/large/dgn-logo-200x200.png?1754549112
FRIC,FRIC,1004943,https://assets.coingecko.com/coins/images/52171/standard/fric.png?1732683605,https://assets.coingecko.com/coins/images/52171/large/fric.png?1732683605
BOXABL,BOXABL,991522,https://assets.coingecko.com/coins/images/71063/standard/o3svr7v9cafoxgd4ee2d6i7jxdq7.?1765488159,https://assets.coingecko.com/coins/images/71063/large/o3svr7v9cafoxgd4ee2d6i7jxdq7.?1765488159
KiraKuru,KRA,983389,https://assets.coingecko.com/coins/images/52710/standard/Kira_Kuru_Original.png?1734059282,https://assets.coingecko.com/coins/images/52710/large/Kira_Kuru_Original.png?1734059282
Fapcoin,FAPCOIN,974304,https://assets.coingecko.com/coins/images/71009/standard/wywd5un4i41w8u8irnfsp0noqc57.?1765096991,https://assets.coingecko.com/coins/images/71009/large/wywd5un4i41w8u8irnfsp0noqc57.?1765096991
SYNAPZ,SYNAPZ,970148,https://assets.coingecko.com/coins/images/70899/standard/download_%281%29.png?1764484195,https://assets.coingecko.com/coins/images/70899/large/download_%281%29.png?1764484195
First Convicted RACCON,FRED,965179,https://assets.coingecko.com/coins/images/51302/standard/fred_pfp_200_transparent_v3.png?1739628486,https://assets.coingecko.com/coins/images/51302/large/fred_pfp_200_transparent_v3.png?1739628486
Luce,LUCE,958114,https://assets.coingecko.com/coins/images/51133/standard/luce.jpg?1730190134,https://assets.coingecko.com/coins/images/51133/large/luce.jpg?1730190134
Dotcom,Y2K,950247,https://assets.coingecko.com/coins/images/52103/standard/Untitled-1.png?1732591732,https://assets.coingecko.com/coins/images/52103/large/Untitled-1.png?1732591732
Tetsuo Coin,TETSUO,945356,https://assets.coingecko.com/coins/images/52389/standard/TETSUO_1733206905718.jpeg?1733269367,https://assets.coingecko.com/coins/images/52389/large/TETSUO_1733206905718.jpeg?1733269367
New XAI Gork,GORK,944380,https://assets.coingecko.com/coins/images/55463/standard/gork-logo.jpg?1746178959,https://assets.coingecko.com/coins/images/55463/large/gork-logo.jpg?1746178959
ðŸŸ¥ðŸŸªðŸŸ¦ðŸŸ©ðŸŸ¨ðŸŸ§,ðŸŸ¥ðŸŸ©,942761,https://assets.coingecko.com/coins/images/51826/standard/newlogo.jpg?1733137835,https://assets.coingecko.com/coins/images/51826/large/newlogo.jpg?1733137835
BER,BER,859685,https://assets.coingecko.com/coins/images/70167/standard/photo_2025-12-24_00-26-05.jpg?1767718606,https://assets.coingecko.com/coins/images/70167/large/photo_2025-12-24_00-26-05.jpg?1767718606
Wizard Gang,WIZARD,853747,https://assets.coingecko.com/coins/images/55292/standard/wizardgang.jpeg?1745223467,https://assets.coingecko.com/coins/images/55292/large/wizardgang.jpeg?1745223467
PEPECAT,PEPECAT,839663,https://assets.coingecko.com/coins/images/52185/standard/pepecat.png?1732694890,https://assets.coingecko.com/coins/images/52185/large/pepecat.png?1732694890
WAGMI,WAGMI,837858,https://assets.coingecko.com/coins/images/55910/standard/wagmi_pfp_2.png?1758255624,https://assets.coingecko.com/coins/images/55910/large/wagmi_pfp_2.png?1758255624
Blinks.gg,BGG1,836715,https://assets.coingecko.com/coins/images/39794/standard/QmTz16M9Te1xQrBkPfuuZaq1rhfKCjNj1QSwGE32mbDS9Y_%281%29_%281%29.png?1724117373,https://assets.coingecko.com/coins/images/39794/large/QmTz16M9Te1xQrBkPfuuZaq1rhfKCjNj1QSwGE32mbDS9Y_%281%29_%281%29.png?1724117373
Butthole Coin,BUTTHOLE,799848,https://assets.coingecko.com/coins/images/53183/standard/1000281355.jpg?1735563013,https://assets.coingecko.com/coins/images/53183/large/1000281355.jpg?1735563013
Kekius Maximus,KM,792754,https://assets.coingecko.com/coins/images/53232/standard/LOGO_%282%29.jpg?1735809709,https://assets.coingecko.com/coins/images/53232/large/LOGO_%282%29.jpg?1735809709
Joss Money,JMONEY,790267,https://assets.coingecko.com/coins/images/55891/standard/%E4%B8%8B%E8%BC%8902.png?1747559330,https://assets.coingecko.com/coins/images/55891/large/%E4%B8%8B%E8%BC%8902.png?1747559330
TrenchBuddy,TRENCH,789410,https://assets.coingecko.com/coins/images/53615/standard/1000152494.jpg?1736889020,https://assets.coingecko.com/coins/images/53615/large/1000152494.jpg?1736889020
The Blue Whale,BLUEWHALE,783725,https://assets.coingecko.com/coins/images/71298/standard/diuhi9s2k8hoq0pb7553zq7dp50b.?1767002975,https://assets.coingecko.com/coins/images/71298/large/diuhi9s2k8hoq0pb7553zq7dp50b.?1767002975
RefundYourSOL,RYS,776094,https://assets.coingecko.com/coins/images/66890/standard/t0mfixt9m6bh674a3ontbvk63wtf.?1750935579,https://assets.coingecko.com/coins/images/66890/large/t0mfixt9m6bh674a3ontbvk63wtf.?1750935579
Spinning Cat,OIIAOIIA,764151,https://assets.coingecko.com/coins/images/51837/standard/IMG_4912.jpeg?1732045307,https://assets.coingecko.com/coins/images/51837/large/IMG_4912.jpeg?1732045307
ASSDAQ,ASSDAQ,763083,https://assets.coingecko.com/coins/images/67212/standard/1000002377_%281%29.png?1752093770,https://assets.coingecko.com/coins/images/67212/large/1000002377_%281%29.png?1752093770
Ghiblification,GHIBLI,756708,https://assets.coingecko.com/coins/images/54988/standard/ghibli.png?1743059802,https://assets.coingecko.com/coins/images/54988/large/ghibli.png?1743059802
STONKS,STONKS,751421,https://assets.coingecko.com/coins/images/54302/standard/548f883d-3219-47e8-944c-22ae77a106f1.jpg?1739167478,https://assets.coingecko.com/coins/images/54302/large/548f883d-3219-47e8-944c-22ae77a106f1.jpg?1739167478
x402jobs,JOBS,751163,https://assets.coingecko.com/coins/images/71095/standard/1765294963013.png?1765783107,https://assets.coingecko.com/coins/images/71095/large/1765294963013.png?1765783107
just a shitcoin,SHITCOIN,739299,https://assets.coingecko.com/coins/images/68704/standard/photo_2025-08-26_19-04-28.jpg?1756323895,https://assets.coingecko.com/coins/images/68704/large/photo_2025-08-26_19-04-28.jpg?1756323895
Threat Research & History Trail,THRT,737758,https://assets.coingecko.com/coins/images/70257/standard/Screenshot_2025-04-09_105648%281%29.png?1761299193,https://assets.coingecko.com/coins/images/70257/large/Screenshot_2025-04-09_105648%281%29.png?1761299193
@gork,GORK,731645,https://assets.coingecko.com/coins/images/55556/standard/gork.png?1746652885,https://assets.coingecko.com/coins/images/55556/large/gork.png?1746652885
Swasticoin,YZY,725435,https://assets.coingecko.com/coins/images/54850/standard/swasticoin-logo.png?1742042770,https://assets.coingecko.com/coins/images/54850/large/swasticoin-logo.png?1742042770
Bear In Bathrobe,BIB,721113,https://assets.coingecko.com/coins/images/53932/standard/BIB_PF.png?1737747001,https://assets.coingecko.com/coins/images/53932/large/BIB_PF.png?1737747001
KindSoul,KNS,719756,https://assets.coingecko.com/coins/images/71248/standard/new_pfp_%28960_x_540_px%29_%28500_x_500_px%29_%28200_x_200_px%29.png?1766669792,https://assets.coingecko.com/coins/images/71248/large/new_pfp_%28960_x_540_px%29_%28500_x_500_px%29_%28200_x_200_px%29.png?1766669792
KWEEN,KWEEN,719367,https://assets.coingecko.com/coins/images/52772/standard/photo_2024-12-08_15-26-24.jpg?1734278967,https://assets.coingecko.com/coins/images/52772/large/photo_2024-12-08_15-26-24.jpg?1734278967
Core,CORE,717973,https://assets.coingecko.com/coins/images/68310/standard/Untitled_design_%281%29.png?1755329948,https://assets.coingecko.com/coins/images/68310/large/Untitled_design_%281%29.png?1755329948
RNT,RNT,715592,https://assets.coingecko.com/coins/images/38534/standard/tate.png?1717785682,https://assets.coingecko.com/coins/images/38534/large/tate.png?1717785682
Schrodinger's Coin,MAYBE,715131,https://assets.coingecko.com/coins/images/66547/standard/IMG_5194.jpg?1749712209,https://assets.coingecko.com/coins/images/66547/large/IMG_5194.jpg?1749712209
Market Dominance,MD,713907,https://assets.coingecko.com/coins/images/51074/standard/ssss.png?1729968758,https://assets.coingecko.com/coins/images/51074/large/ssss.png?1729968758
Degen Spartan AI,DEGENAI,710390,https://assets.coingecko.com/coins/images/51254/standard/degenai.jpg?1730560647,https://assets.coingecko.com/coins/images/51254/large/degenai.jpg?1730560647
Opus The Trencher,OPUS,707848,https://assets.coingecko.com/coins/images/71481/standard/f4a5s9ptkekcohpy105lnrprnzxi.?1767918144,https://assets.coingecko.com/coins/images/71481/large/f4a5s9ptkekcohpy105lnrprnzxi.?1767918144
Italian Brainrot,ITALIANROT,707699,https://assets.coingecko.com/coins/images/55291/standard/ITALIANROT.png?1745222776,https://assets.coingecko.com/coins/images/55291/large/ITALIANROT.png?1745222776
Blindfold Finance,BLIND,706535,https://assets.coingecko.com/coins/images/71263/standard/IMG_4951.jpeg?1766791106,https://assets.coingecko.com/coins/images/71263/large/IMG_4951.jpeg?1766791106
XerisCoin,XERIS,696471,https://assets.coingecko.com/coins/images/70879/standard/0c1n8gvps655qp1plzcjmryv9gmc.?1764363933,https://assets.coingecko.com/coins/images/70879/large/0c1n8gvps655qp1plzcjmryv9gmc.?1764363933
GYAT Coin,GYAT,693094,https://assets.coingecko.com/coins/images/54167/standard/gyat-coin.jpg?1738493470,https://assets.coingecko.com/coins/images/54167/large/gyat-coin.jpg?1738493470
Tate Terminal,TATE,687823,https://assets.coingecko.com/coins/images/51123/standard/Tate_Terminal.png?1730179826,https://assets.coingecko.com/coins/images/51123/large/Tate_Terminal.png?1730179826
RAGE GUY,RAGE,684269,https://assets.coingecko.com/coins/images/69138/standard/logo.jpg?1757596824,https://assets.coingecko.com/coins/images/69138/large/logo.jpg?1757596824
Kredo,KREDO,681549,https://assets.coingecko.com/coins/images/71385/standard/kredo_%281%29.png?1767830448,https://assets.coingecko.com/coins/images/71385/large/kredo_%281%29.png?1767830448
QuantumCoin,QE,680099,https://assets.coingecko.com/coins/images/69366/standard/photo_2025-09-21_05-03-04.jpg?1758522493,https://assets.coingecko.com/coins/images/69366/large/photo_2025-09-21_05-03-04.jpg?1758522493
Oxedium,OXE,675326,https://assets.coingecko.com/coins/images/71177/standard/oxe_logo.png?1766219001,https://assets.coingecko.com/coins/images/71177/large/oxe_logo.png?1766219001
Winternomics TV,WNTV,674805,https://assets.coingecko.com/coins/images/69828/standard/a0f5coo4bx1f6rgsi22y8r3vlzii.?1759768175,https://assets.coingecko.com/coins/images/69828/large/a0f5coo4bx1f6rgsi22y8r3vlzii.?1759768175
Whyyoutouzhele,LI,668510,https://assets.coingecko.com/coins/images/53203/standard/IMG_7088.jpeg?1735661468,https://assets.coingecko.com/coins/images/53203/large/IMG_7088.jpeg?1735661468
Whine Coin,WHINE,666854,https://assets.coingecko.com/coins/images/38523/standard/IMG_20240606_032303_401.jpg?1717759605,https://assets.coingecko.com/coins/images/38523/large/IMG_20240606_032303_401.jpg?1717759605
Exit Liquidity,RETAIL,666255,https://assets.coingecko.com/coins/images/69204/standard/WhatsApp_Image_2025-09-09_at_10.52.43_252ed4ac.jpg?1758773774,https://assets.coingecko.com/coins/images/69204/large/WhatsApp_Image_2025-09-09_at_10.52.43_252ed4ac.jpg?1758773774
Print,PRINT,651787,https://assets.coingecko.com/coins/images/70301/standard/PrintLogoCoingecko.png?1761481058,https://assets.coingecko.com/coins/images/70301/large/PrintLogoCoingecko.png?1761481058
AISI SPACE,AISI,640705,https://assets.coingecko.com/coins/images/70322/standard/AISILOGOSPACE.png?1761569563,https://assets.coingecko.com/coins/images/70322/large/AISILOGOSPACE.png?1761569563
